MaCuaHang,MaThanhPho,ThoiGianBatDau,SoDienThoai
1,1,544,(832)591-3662x7644
2,10,567,286.320.5344x7090
3,36,1413,952-822-2220x3670
4,73,1572,648.462.5447
5,46,622,2669812643
6,32,1201,482-953-5544x0948
7,32,1386,7722722206
8,6,314,(540)997-9682x922
9,48,807,646.769.1610x18089
10,38,848,542.280.7299
11,17,97,850.897.7567x5965
12,74,881,9516179648
13,27,1237,511.403.1087x198
14,54,829,623.510.0343x47033
15,50,137,+1-372-574-1727x1587
16,35,1030,5978910800
17,85,1011,624.612.7795
18,25,109,(340)547-2252
19,28,547,+1-859-593-3155x70486
20,15,1063,700.295.6068
21,4,662,001-945-361-0135x72635
22,93,425,001-858-700-4620x4717
23,73,630,(386)637-9262x040
24,27,261,(356)872-8661x0912
25,26,1450,+1-865-485-5944x68329
26,19,87,+1-211-599-4645
27,92,465,001-205-811-1742x4522
28,17,76,(755)774-1558
29,43,471,4864410149
30,41,414,9337068387
31,42,825,001-847-502-7789x9467
32,50,895,726.582.5291x01327
33,84,726,381.509.4614
34,40,457,001-289-394-6538x876
35,39,1309,001-958-516-3281x068
36,23,1263,+1-459-613-2333x0094
37,96,1701,001-311-510-5219x547
38,52,1623,504-915-5698x797
39,47,653,420-668-6504x7717
40,63,672,885-692-7289x20069
41,97,1582,001-736-603-0327x904
42,69,1396,+1-718-617-3682x841
43,43,495,521-649-8653
44,48,1648,+1-830-984-5439x99366
45,34,1069,764-315-4696x59538
46,40,1425,+1-380-808-7493x6556
47,75,1271,(273)306-8496
48,61,1640,235-224-7181x09800
49,50,597,001-355-534-0824x0497
50,67,450,695.483.0210x626
51,62,485,001-683-865-1854x3959
52,58,646,+1-213-641-2248x5130
53,33,620,(565)414-2583x926
54,75,1042,858.390.8912
55,16,1630,(814)507-8042x98606
56,82,662,8922966236
57,94,758,(725)963-1708
58,48,289,(853)898-5839
59,10,1438,(928)403-5577x2427
60,82,721,962-643-4972x1627
61,38,638,(250)238-1853
62,19,235,2473500237
63,36,416,+1-572-489-6001
64,59,938,805.461.0169x59617
65,63,499,+1-647-321-7680x81998
66,77,974,(592)342-8755
67,46,634,(914)618-3026x4254
68,3,1674,(560)805-0551x47948
69,74,1020,566-634-9185
70,65,115,+1-856-445-5328x66676
71,91,932,661-660-5206
72,8,674,001-296-264-0823x6661
73,51,1737,328-600-8108
74,81,1258,(600)283-4603x494
75,73,1564,896.867.1906
76,6,1035,(412)354-1043
77,89,206,777-315-6211x681
78,39,1703,+1-903-556-4427x01460
79,60,247,001-788-739-8309
80,28,1583,748-574-0169x271
81,97,758,921-359-4568x72615
82,54,1151,(891)565-0844x29676
83,37,147,+1-467-654-0305x80334
84,9,118,+1-332-570-1472x88858
85,82,1406,401-706-7344x2886
86,56,412,881-897-2591x55541
87,59,1688,252-557-8814x1422
88,85,1608,5666722191
89,2,363,498.988.5541
90,61,1533,+1-273-773-5434x25699
91,58,137,7582555483
92,60,1199,001-263-941-3249x525
93,40,1313,410-606-9151
94,36,958,8932604133
95,37,1505,(979)230-3264x415
96,79,19,001-269-615-4073x03074
97,92,195,386-260-2320x43088
98,18,330,(888)602-4284
99,98,175,(981)878-9593x6648
100,63,1002,001-388-426-5347
101,22,449,688.690.5070x81204
102,11,946,251-892-8645
103,58,1378,001-887-354-5438x1329
104,57,1523,+1-556-845-9072x349
105,77,141,001-256-696-6804x51712
106,4,758,401.437.5076x9456
107,86,930,858-255-0985x9299
108,7,93,848-895-6986
109,61,239,967.280.0487x03897
110,54,205,461-949-9652x18371
111,88,560,599.869.5348
112,68,1457,594.398.2443x41374
113,92,245,001-823-739-7890
114,79,832,(555)698-6860x33219
115,1,1341,(312)767-5889
116,55,925,9882624918
117,3,295,+1-216-962-3472x46327
118,78,640,(688)766-2352
119,38,856,624.966.2170x08551
120,1,1306,001-654-682-4791x71884
121,38,17,547-737-0823x7872
122,85,71,001-811-276-1214
123,29,1293,+1-316-852-2909x0190
124,5,1349,+1-511-290-0627x084
125,74,1818,(870)554-2105
126,92,305,797-312-5511x01650
127,21,1475,001-513-446-7476x15623
128,71,1031,9478235283
129,67,1338,001-293-417-1579
130,47,817,+1-310-947-7478x8892
131,84,1127,3343135343
132,83,821,+1-781-745-5279x6096
133,35,193,953-689-5706
134,68,1777,+1-668-475-8554
135,69,1598,+1-554-917-2349
136,1,529,001-727-728-9293
137,68,171,+1-874-883-6404x000
138,12,1561,(723)724-3020
139,60,251,+1-574-213-2606
140,27,1789,520.455.6788
141,56,1411,369-729-4222x25282
142,23,1231,2415003072
143,25,541,360-576-1679
144,21,1653,246.279.7242x51977
145,61,416,(820)553-7311
146,63,794,+1-821-362-7766x604
147,52,1404,(395)960-0661x52286
148,88,1168,610-996-3669x2568
149,25,25,001-949-679-9958x74723
150,55,668,459.454.4130x658
