MaThoiGian,Ngay,NgayTrongTuan,Thang,quy,nam
1,2020-05-09,Saturday,5,2,2020
2,2020-05-10,Sunday,5,2,2020
3,2020-05-11,Monday,5,2,2020
4,2020-05-12,Tuesday,5,2,2020
5,2020-05-13,Wednesday,5,2,2020
6,2020-05-14,Thursday,5,2,2020
7,2020-05-15,Friday,5,2,2020
8,2020-05-16,Saturday,5,2,2020
9,2020-05-17,Sunday,5,2,2020
10,2020-05-18,Monday,5,2,2020
11,2020-05-19,Tuesday,5,2,2020
12,2020-05-20,Wednesday,5,2,2020
13,2020-05-21,Thursday,5,2,2020
14,2020-05-22,Friday,5,2,2020
15,2020-05-23,Saturday,5,2,2020
16,2020-05-24,Sunday,5,2,2020
17,2020-05-25,Monday,5,2,2020
18,2020-05-26,Tuesday,5,2,2020
19,2020-05-27,Wednesday,5,2,2020
20,2020-05-28,Thursday,5,2,2020
21,2020-05-29,Friday,5,2,2020
22,2020-05-30,Saturday,5,2,2020
23,2020-05-31,Sunday,5,2,2020
24,2020-06-01,Monday,6,2,2020
25,2020-06-02,Tuesday,6,2,2020
26,2020-06-03,Wednesday,6,2,2020
27,2020-06-04,Thursday,6,2,2020
28,2020-06-05,Friday,6,2,2020
29,2020-06-06,Saturday,6,2,2020
30,2020-06-07,Sunday,6,2,2020
31,2020-06-08,Monday,6,2,2020
32,2020-06-09,Tuesday,6,2,2020
33,2020-06-10,Wednesday,6,2,2020
34,2020-06-11,Thursday,6,2,2020
35,2020-06-12,Friday,6,2,2020
36,2020-06-13,Saturday,6,2,2020
37,2020-06-14,Sunday,6,2,2020
38,2020-06-15,Monday,6,2,2020
39,2020-06-16,Tuesday,6,2,2020
40,2020-06-17,Wednesday,6,2,2020
41,2020-06-18,Thursday,6,2,2020
42,2020-06-19,Friday,6,2,2020
43,2020-06-20,Saturday,6,2,2020
44,2020-06-21,Sunday,6,2,2020
45,2020-06-22,Monday,6,2,2020
46,2020-06-23,Tuesday,6,2,2020
47,2020-06-24,Wednesday,6,2,2020
48,2020-06-25,Thursday,6,2,2020
49,2020-06-26,Friday,6,2,2020
50,2020-06-27,Saturday,6,2,2020
51,2020-06-28,Sunday,6,2,2020
52,2020-06-29,Monday,6,2,2020
53,2020-06-30,Tuesday,6,2,2020
54,2020-07-01,Wednesday,7,3,2020
55,2020-07-02,Thursday,7,3,2020
56,2020-07-03,Friday,7,3,2020
57,2020-07-04,Saturday,7,3,2020
58,2020-07-05,Sunday,7,3,2020
59,2020-07-06,Monday,7,3,2020
60,2020-07-07,Tuesday,7,3,2020
61,2020-07-08,Wednesday,7,3,2020
62,2020-07-09,Thursday,7,3,2020
63,2020-07-10,Friday,7,3,2020
64,2020-07-11,Saturday,7,3,2020
65,2020-07-12,Sunday,7,3,2020
66,2020-07-13,Monday,7,3,2020
67,2020-07-14,Tuesday,7,3,2020
68,2020-07-15,Wednesday,7,3,2020
69,2020-07-16,Thursday,7,3,2020
70,2020-07-17,Friday,7,3,2020
71,2020-07-18,Saturday,7,3,2020
72,2020-07-19,Sunday,7,3,2020
73,2020-07-20,Monday,7,3,2020
74,2020-07-21,Tuesday,7,3,2020
75,2020-07-22,Wednesday,7,3,2020
76,2020-07-23,Thursday,7,3,2020
77,2020-07-24,Friday,7,3,2020
78,2020-07-25,Saturday,7,3,2020
79,2020-07-26,Sunday,7,3,2020
80,2020-07-27,Monday,7,3,2020
81,2020-07-28,Tuesday,7,3,2020
82,2020-07-29,Wednesday,7,3,2020
83,2020-07-30,Thursday,7,3,2020
84,2020-07-31,Friday,7,3,2020
85,2020-08-01,Saturday,8,3,2020
86,2020-08-02,Sunday,8,3,2020
87,2020-08-03,Monday,8,3,2020
88,2020-08-04,Tuesday,8,3,2020
89,2020-08-05,Wednesday,8,3,2020
90,2020-08-06,Thursday,8,3,2020
91,2020-08-07,Friday,8,3,2020
92,2020-08-08,Saturday,8,3,2020
93,2020-08-09,Sunday,8,3,2020
94,2020-08-10,Monday,8,3,2020
95,2020-08-11,Tuesday,8,3,2020
96,2020-08-12,Wednesday,8,3,2020
97,2020-08-13,Thursday,8,3,2020
98,2020-08-14,Friday,8,3,2020
99,2020-08-15,Saturday,8,3,2020
100,2020-08-16,Sunday,8,3,2020
101,2020-08-17,Monday,8,3,2020
102,2020-08-18,Tuesday,8,3,2020
103,2020-08-19,Wednesday,8,3,2020
104,2020-08-20,Thursday,8,3,2020
105,2020-08-21,Friday,8,3,2020
106,2020-08-22,Saturday,8,3,2020
107,2020-08-23,Sunday,8,3,2020
108,2020-08-24,Monday,8,3,2020
109,2020-08-25,Tuesday,8,3,2020
110,2020-08-26,Wednesday,8,3,2020
111,2020-08-27,Thursday,8,3,2020
112,2020-08-28,Friday,8,3,2020
113,2020-08-29,Saturday,8,3,2020
114,2020-08-30,Sunday,8,3,2020
115,2020-08-31,Monday,8,3,2020
116,2020-09-01,Tuesday,9,3,2020
117,2020-09-02,Wednesday,9,3,2020
118,2020-09-03,Thursday,9,3,2020
119,2020-09-04,Friday,9,3,2020
120,2020-09-05,Saturday,9,3,2020
121,2020-09-06,Sunday,9,3,2020
122,2020-09-07,Monday,9,3,2020
123,2020-09-08,Tuesday,9,3,2020
124,2020-09-09,Wednesday,9,3,2020
125,2020-09-10,Thursday,9,3,2020
126,2020-09-11,Friday,9,3,2020
127,2020-09-12,Saturday,9,3,2020
128,2020-09-13,Sunday,9,3,2020
129,2020-09-14,Monday,9,3,2020
130,2020-09-15,Tuesday,9,3,2020
131,2020-09-16,Wednesday,9,3,2020
132,2020-09-17,Thursday,9,3,2020
133,2020-09-18,Friday,9,3,2020
134,2020-09-19,Saturday,9,3,2020
135,2020-09-20,Sunday,9,3,2020
136,2020-09-21,Monday,9,3,2020
137,2020-09-22,Tuesday,9,3,2020
138,2020-09-23,Wednesday,9,3,2020
139,2020-09-24,Thursday,9,3,2020
140,2020-09-25,Friday,9,3,2020
141,2020-09-26,Saturday,9,3,2020
142,2020-09-27,Sunday,9,3,2020
143,2020-09-28,Monday,9,3,2020
144,2020-09-29,Tuesday,9,3,2020
145,2020-09-30,Wednesday,9,3,2020
146,2020-10-01,Thursday,10,4,2020
147,2020-10-02,Friday,10,4,2020
148,2020-10-03,Saturday,10,4,2020
149,2020-10-04,Sunday,10,4,2020
150,2020-10-05,Monday,10,4,2020
151,2020-10-06,Tuesday,10,4,2020
152,2020-10-07,Wednesday,10,4,2020
153,2020-10-08,Thursday,10,4,2020
154,2020-10-09,Friday,10,4,2020
155,2020-10-10,Saturday,10,4,2020
156,2020-10-11,Sunday,10,4,2020
157,2020-10-12,Monday,10,4,2020
158,2020-10-13,Tuesday,10,4,2020
159,2020-10-14,Wednesday,10,4,2020
160,2020-10-15,Thursday,10,4,2020
161,2020-10-16,Friday,10,4,2020
162,2020-10-17,Saturday,10,4,2020
163,2020-10-18,Sunday,10,4,2020
164,2020-10-19,Monday,10,4,2020
165,2020-10-20,Tuesday,10,4,2020
166,2020-10-21,Wednesday,10,4,2020
167,2020-10-22,Thursday,10,4,2020
168,2020-10-23,Friday,10,4,2020
169,2020-10-24,Saturday,10,4,2020
170,2020-10-25,Sunday,10,4,2020
171,2020-10-26,Monday,10,4,2020
172,2020-10-27,Tuesday,10,4,2020
173,2020-10-28,Wednesday,10,4,2020
174,2020-10-29,Thursday,10,4,2020
175,2020-10-30,Friday,10,4,2020
176,2020-10-31,Saturday,10,4,2020
177,2020-11-01,Sunday,11,4,2020
178,2020-11-02,Monday,11,4,2020
179,2020-11-03,Tuesday,11,4,2020
180,2020-11-04,Wednesday,11,4,2020
181,2020-11-05,Thursday,11,4,2020
182,2020-11-06,Friday,11,4,2020
183,2020-11-07,Saturday,11,4,2020
184,2020-11-08,Sunday,11,4,2020
185,2020-11-09,Monday,11,4,2020
186,2020-11-10,Tuesday,11,4,2020
187,2020-11-11,Wednesday,11,4,2020
188,2020-11-12,Thursday,11,4,2020
189,2020-11-13,Friday,11,4,2020
190,2020-11-14,Saturday,11,4,2020
191,2020-11-15,Sunday,11,4,2020
192,2020-11-16,Monday,11,4,2020
193,2020-11-17,Tuesday,11,4,2020
194,2020-11-18,Wednesday,11,4,2020
195,2020-11-19,Thursday,11,4,2020
196,2020-11-20,Friday,11,4,2020
197,2020-11-21,Saturday,11,4,2020
198,2020-11-22,Sunday,11,4,2020
199,2020-11-23,Monday,11,4,2020
200,2020-11-24,Tuesday,11,4,2020
201,2020-11-25,Wednesday,11,4,2020
202,2020-11-26,Thursday,11,4,2020
203,2020-11-27,Friday,11,4,2020
204,2020-11-28,Saturday,11,4,2020
205,2020-11-29,Sunday,11,4,2020
206,2020-11-30,Monday,11,4,2020
207,2020-12-01,Tuesday,12,4,2020
208,2020-12-02,Wednesday,12,4,2020
209,2020-12-03,Thursday,12,4,2020
210,2020-12-04,Friday,12,4,2020
211,2020-12-05,Saturday,12,4,2020
212,2020-12-06,Sunday,12,4,2020
213,2020-12-07,Monday,12,4,2020
214,2020-12-08,Tuesday,12,4,2020
215,2020-12-09,Wednesday,12,4,2020
216,2020-12-10,Thursday,12,4,2020
217,2020-12-11,Friday,12,4,2020
218,2020-12-12,Saturday,12,4,2020
219,2020-12-13,Sunday,12,4,2020
220,2020-12-14,Monday,12,4,2020
221,2020-12-15,Tuesday,12,4,2020
222,2020-12-16,Wednesday,12,4,2020
223,2020-12-17,Thursday,12,4,2020
224,2020-12-18,Friday,12,4,2020
225,2020-12-19,Saturday,12,4,2020
226,2020-12-20,Sunday,12,4,2020
227,2020-12-21,Monday,12,4,2020
228,2020-12-22,Tuesday,12,4,2020
229,2020-12-23,Wednesday,12,4,2020
230,2020-12-24,Thursday,12,4,2020
231,2020-12-25,Friday,12,4,2020
232,2020-12-26,Saturday,12,4,2020
233,2020-12-27,Sunday,12,4,2020
234,2020-12-28,Monday,12,4,2020
235,2020-12-29,Tuesday,12,4,2020
236,2020-12-30,Wednesday,12,4,2020
237,2020-12-31,Thursday,12,4,2020
238,2021-01-01,Friday,1,1,2021
239,2021-01-02,Saturday,1,1,2021
240,2021-01-03,Sunday,1,1,2021
241,2021-01-04,Monday,1,1,2021
242,2021-01-05,Tuesday,1,1,2021
243,2021-01-06,Wednesday,1,1,2021
244,2021-01-07,Thursday,1,1,2021
245,2021-01-08,Friday,1,1,2021
246,2021-01-09,Saturday,1,1,2021
247,2021-01-10,Sunday,1,1,2021
248,2021-01-11,Monday,1,1,2021
249,2021-01-12,Tuesday,1,1,2021
250,2021-01-13,Wednesday,1,1,2021
251,2021-01-14,Thursday,1,1,2021
252,2021-01-15,Friday,1,1,2021
253,2021-01-16,Saturday,1,1,2021
254,2021-01-17,Sunday,1,1,2021
255,2021-01-18,Monday,1,1,2021
256,2021-01-19,Tuesday,1,1,2021
257,2021-01-20,Wednesday,1,1,2021
258,2021-01-21,Thursday,1,1,2021
259,2021-01-22,Friday,1,1,2021
260,2021-01-23,Saturday,1,1,2021
261,2021-01-24,Sunday,1,1,2021
262,2021-01-25,Monday,1,1,2021
263,2021-01-26,Tuesday,1,1,2021
264,2021-01-27,Wednesday,1,1,2021
265,2021-01-28,Thursday,1,1,2021
266,2021-01-29,Friday,1,1,2021
267,2021-01-30,Saturday,1,1,2021
268,2021-01-31,Sunday,1,1,2021
269,2021-02-01,Monday,2,1,2021
270,2021-02-02,Tuesday,2,1,2021
271,2021-02-03,Wednesday,2,1,2021
272,2021-02-04,Thursday,2,1,2021
273,2021-02-05,Friday,2,1,2021
274,2021-02-06,Saturday,2,1,2021
275,2021-02-07,Sunday,2,1,2021
276,2021-02-08,Monday,2,1,2021
277,2021-02-09,Tuesday,2,1,2021
278,2021-02-10,Wednesday,2,1,2021
279,2021-02-11,Thursday,2,1,2021
280,2021-02-12,Friday,2,1,2021
281,2021-02-13,Saturday,2,1,2021
282,2021-02-14,Sunday,2,1,2021
283,2021-02-15,Monday,2,1,2021
284,2021-02-16,Tuesday,2,1,2021
285,2021-02-17,Wednesday,2,1,2021
286,2021-02-18,Thursday,2,1,2021
287,2021-02-19,Friday,2,1,2021
288,2021-02-20,Saturday,2,1,2021
289,2021-02-21,Sunday,2,1,2021
290,2021-02-22,Monday,2,1,2021
291,2021-02-23,Tuesday,2,1,2021
292,2021-02-24,Wednesday,2,1,2021
293,2021-02-25,Thursday,2,1,2021
294,2021-02-26,Friday,2,1,2021
295,2021-02-27,Saturday,2,1,2021
296,2021-02-28,Sunday,2,1,2021
297,2021-03-01,Monday,3,1,2021
298,2021-03-02,Tuesday,3,1,2021
299,2021-03-03,Wednesday,3,1,2021
300,2021-03-04,Thursday,3,1,2021
301,2021-03-05,Friday,3,1,2021
302,2021-03-06,Saturday,3,1,2021
303,2021-03-07,Sunday,3,1,2021
304,2021-03-08,Monday,3,1,2021
305,2021-03-09,Tuesday,3,1,2021
306,2021-03-10,Wednesday,3,1,2021
307,2021-03-11,Thursday,3,1,2021
308,2021-03-12,Friday,3,1,2021
309,2021-03-13,Saturday,3,1,2021
310,2021-03-14,Sunday,3,1,2021
311,2021-03-15,Monday,3,1,2021
312,2021-03-16,Tuesday,3,1,2021
313,2021-03-17,Wednesday,3,1,2021
314,2021-03-18,Thursday,3,1,2021
315,2021-03-19,Friday,3,1,2021
316,2021-03-20,Saturday,3,1,2021
317,2021-03-21,Sunday,3,1,2021
318,2021-03-22,Monday,3,1,2021
319,2021-03-23,Tuesday,3,1,2021
320,2021-03-24,Wednesday,3,1,2021
321,2021-03-25,Thursday,3,1,2021
322,2021-03-26,Friday,3,1,2021
323,2021-03-27,Saturday,3,1,2021
324,2021-03-28,Sunday,3,1,2021
325,2021-03-29,Monday,3,1,2021
326,2021-03-30,Tuesday,3,1,2021
327,2021-03-31,Wednesday,3,1,2021
328,2021-04-01,Thursday,4,2,2021
329,2021-04-02,Friday,4,2,2021
330,2021-04-03,Saturday,4,2,2021
331,2021-04-04,Sunday,4,2,2021
332,2021-04-05,Monday,4,2,2021
333,2021-04-06,Tuesday,4,2,2021
334,2021-04-07,Wednesday,4,2,2021
335,2021-04-08,Thursday,4,2,2021
336,2021-04-09,Friday,4,2,2021
337,2021-04-10,Saturday,4,2,2021
338,2021-04-11,Sunday,4,2,2021
339,2021-04-12,Monday,4,2,2021
340,2021-04-13,Tuesday,4,2,2021
341,2021-04-14,Wednesday,4,2,2021
342,2021-04-15,Thursday,4,2,2021
343,2021-04-16,Friday,4,2,2021
344,2021-04-17,Saturday,4,2,2021
345,2021-04-18,Sunday,4,2,2021
346,2021-04-19,Monday,4,2,2021
347,2021-04-20,Tuesday,4,2,2021
348,2021-04-21,Wednesday,4,2,2021
349,2021-04-22,Thursday,4,2,2021
350,2021-04-23,Friday,4,2,2021
351,2021-04-24,Saturday,4,2,2021
352,2021-04-25,Sunday,4,2,2021
353,2021-04-26,Monday,4,2,2021
354,2021-04-27,Tuesday,4,2,2021
355,2021-04-28,Wednesday,4,2,2021
356,2021-04-29,Thursday,4,2,2021
357,2021-04-30,Friday,4,2,2021
358,2021-05-01,Saturday,5,2,2021
359,2021-05-02,Sunday,5,2,2021
360,2021-05-03,Monday,5,2,2021
361,2021-05-04,Tuesday,5,2,2021
362,2021-05-05,Wednesday,5,2,2021
363,2021-05-06,Thursday,5,2,2021
364,2021-05-07,Friday,5,2,2021
365,2021-05-08,Saturday,5,2,2021
366,2021-05-09,Sunday,5,2,2021
367,2021-05-10,Monday,5,2,2021
368,2021-05-11,Tuesday,5,2,2021
369,2021-05-12,Wednesday,5,2,2021
370,2021-05-13,Thursday,5,2,2021
371,2021-05-14,Friday,5,2,2021
372,2021-05-15,Saturday,5,2,2021
373,2021-05-16,Sunday,5,2,2021
374,2021-05-17,Monday,5,2,2021
375,2021-05-18,Tuesday,5,2,2021
376,2021-05-19,Wednesday,5,2,2021
377,2021-05-20,Thursday,5,2,2021
378,2021-05-21,Friday,5,2,2021
379,2021-05-22,Saturday,5,2,2021
380,2021-05-23,Sunday,5,2,2021
381,2021-05-24,Monday,5,2,2021
382,2021-05-25,Tuesday,5,2,2021
383,2021-05-26,Wednesday,5,2,2021
384,2021-05-27,Thursday,5,2,2021
385,2021-05-28,Friday,5,2,2021
386,2021-05-29,Saturday,5,2,2021
387,2021-05-30,Sunday,5,2,2021
388,2021-05-31,Monday,5,2,2021
389,2021-06-01,Tuesday,6,2,2021
390,2021-06-02,Wednesday,6,2,2021
391,2021-06-03,Thursday,6,2,2021
392,2021-06-04,Friday,6,2,2021
393,2021-06-05,Saturday,6,2,2021
394,2021-06-06,Sunday,6,2,2021
395,2021-06-07,Monday,6,2,2021
396,2021-06-08,Tuesday,6,2,2021
397,2021-06-09,Wednesday,6,2,2021
398,2021-06-10,Thursday,6,2,2021
399,2021-06-11,Friday,6,2,2021
400,2021-06-12,Saturday,6,2,2021
401,2021-06-13,Sunday,6,2,2021
402,2021-06-14,Monday,6,2,2021
403,2021-06-15,Tuesday,6,2,2021
404,2021-06-16,Wednesday,6,2,2021
405,2021-06-17,Thursday,6,2,2021
406,2021-06-18,Friday,6,2,2021
407,2021-06-19,Saturday,6,2,2021
408,2021-06-20,Sunday,6,2,2021
409,2021-06-21,Monday,6,2,2021
410,2021-06-22,Tuesday,6,2,2021
411,2021-06-23,Wednesday,6,2,2021
412,2021-06-24,Thursday,6,2,2021
413,2021-06-25,Friday,6,2,2021
414,2021-06-26,Saturday,6,2,2021
415,2021-06-27,Sunday,6,2,2021
416,2021-06-28,Monday,6,2,2021
417,2021-06-29,Tuesday,6,2,2021
418,2021-06-30,Wednesday,6,2,2021
419,2021-07-01,Thursday,7,3,2021
420,2021-07-02,Friday,7,3,2021
421,2021-07-03,Saturday,7,3,2021
422,2021-07-04,Sunday,7,3,2021
423,2021-07-05,Monday,7,3,2021
424,2021-07-06,Tuesday,7,3,2021
425,2021-07-07,Wednesday,7,3,2021
426,2021-07-08,Thursday,7,3,2021
427,2021-07-09,Friday,7,3,2021
428,2021-07-10,Saturday,7,3,2021
429,2021-07-11,Sunday,7,3,2021
430,2021-07-12,Monday,7,3,2021
431,2021-07-13,Tuesday,7,3,2021
432,2021-07-14,Wednesday,7,3,2021
433,2021-07-15,Thursday,7,3,2021
434,2021-07-16,Friday,7,3,2021
435,2021-07-17,Saturday,7,3,2021
436,2021-07-18,Sunday,7,3,2021
437,2021-07-19,Monday,7,3,2021
438,2021-07-20,Tuesday,7,3,2021
439,2021-07-21,Wednesday,7,3,2021
440,2021-07-22,Thursday,7,3,2021
441,2021-07-23,Friday,7,3,2021
442,2021-07-24,Saturday,7,3,2021
443,2021-07-25,Sunday,7,3,2021
444,2021-07-26,Monday,7,3,2021
445,2021-07-27,Tuesday,7,3,2021
446,2021-07-28,Wednesday,7,3,2021
447,2021-07-29,Thursday,7,3,2021
448,2021-07-30,Friday,7,3,2021
449,2021-07-31,Saturday,7,3,2021
450,2021-08-01,Sunday,8,3,2021
451,2021-08-02,Monday,8,3,2021
452,2021-08-03,Tuesday,8,3,2021
453,2021-08-04,Wednesday,8,3,2021
454,2021-08-05,Thursday,8,3,2021
455,2021-08-06,Friday,8,3,2021
456,2021-08-07,Saturday,8,3,2021
457,2021-08-08,Sunday,8,3,2021
458,2021-08-09,Monday,8,3,2021
459,2021-08-10,Tuesday,8,3,2021
460,2021-08-11,Wednesday,8,3,2021
461,2021-08-12,Thursday,8,3,2021
462,2021-08-13,Friday,8,3,2021
463,2021-08-14,Saturday,8,3,2021
464,2021-08-15,Sunday,8,3,2021
465,2021-08-16,Monday,8,3,2021
466,2021-08-17,Tuesday,8,3,2021
467,2021-08-18,Wednesday,8,3,2021
468,2021-08-19,Thursday,8,3,2021
469,2021-08-20,Friday,8,3,2021
470,2021-08-21,Saturday,8,3,2021
471,2021-08-22,Sunday,8,3,2021
472,2021-08-23,Monday,8,3,2021
473,2021-08-24,Tuesday,8,3,2021
474,2021-08-25,Wednesday,8,3,2021
475,2021-08-26,Thursday,8,3,2021
476,2021-08-27,Friday,8,3,2021
477,2021-08-28,Saturday,8,3,2021
478,2021-08-29,Sunday,8,3,2021
479,2021-08-30,Monday,8,3,2021
480,2021-08-31,Tuesday,8,3,2021
481,2021-09-01,Wednesday,9,3,2021
482,2021-09-02,Thursday,9,3,2021
483,2021-09-03,Friday,9,3,2021
484,2021-09-04,Saturday,9,3,2021
485,2021-09-05,Sunday,9,3,2021
486,2021-09-06,Monday,9,3,2021
487,2021-09-07,Tuesday,9,3,2021
488,2021-09-08,Wednesday,9,3,2021
489,2021-09-09,Thursday,9,3,2021
490,2021-09-10,Friday,9,3,2021
491,2021-09-11,Saturday,9,3,2021
492,2021-09-12,Sunday,9,3,2021
493,2021-09-13,Monday,9,3,2021
494,2021-09-14,Tuesday,9,3,2021
495,2021-09-15,Wednesday,9,3,2021
496,2021-09-16,Thursday,9,3,2021
497,2021-09-17,Friday,9,3,2021
498,2021-09-18,Saturday,9,3,2021
499,2021-09-19,Sunday,9,3,2021
500,2021-09-20,Monday,9,3,2021
501,2021-09-21,Tuesday,9,3,2021
502,2021-09-22,Wednesday,9,3,2021
503,2021-09-23,Thursday,9,3,2021
504,2021-09-24,Friday,9,3,2021
505,2021-09-25,Saturday,9,3,2021
506,2021-09-26,Sunday,9,3,2021
507,2021-09-27,Monday,9,3,2021
508,2021-09-28,Tuesday,9,3,2021
509,2021-09-29,Wednesday,9,3,2021
510,2021-09-30,Thursday,9,3,2021
511,2021-10-01,Friday,10,4,2021
512,2021-10-02,Saturday,10,4,2021
513,2021-10-03,Sunday,10,4,2021
514,2021-10-04,Monday,10,4,2021
515,2021-10-05,Tuesday,10,4,2021
516,2021-10-06,Wednesday,10,4,2021
517,2021-10-07,Thursday,10,4,2021
518,2021-10-08,Friday,10,4,2021
519,2021-10-09,Saturday,10,4,2021
520,2021-10-10,Sunday,10,4,2021
521,2021-10-11,Monday,10,4,2021
522,2021-10-12,Tuesday,10,4,2021
523,2021-10-13,Wednesday,10,4,2021
524,2021-10-14,Thursday,10,4,2021
525,2021-10-15,Friday,10,4,2021
526,2021-10-16,Saturday,10,4,2021
527,2021-10-17,Sunday,10,4,2021
528,2021-10-18,Monday,10,4,2021
529,2021-10-19,Tuesday,10,4,2021
530,2021-10-20,Wednesday,10,4,2021
531,2021-10-21,Thursday,10,4,2021
532,2021-10-22,Friday,10,4,2021
533,2021-10-23,Saturday,10,4,2021
534,2021-10-24,Sunday,10,4,2021
535,2021-10-25,Monday,10,4,2021
536,2021-10-26,Tuesday,10,4,2021
537,2021-10-27,Wednesday,10,4,2021
538,2021-10-28,Thursday,10,4,2021
539,2021-10-29,Friday,10,4,2021
540,2021-10-30,Saturday,10,4,2021
541,2021-10-31,Sunday,10,4,2021
542,2021-11-01,Monday,11,4,2021
543,2021-11-02,Tuesday,11,4,2021
544,2021-11-03,Wednesday,11,4,2021
545,2021-11-04,Thursday,11,4,2021
546,2021-11-05,Friday,11,4,2021
547,2021-11-06,Saturday,11,4,2021
548,2021-11-07,Sunday,11,4,2021
549,2021-11-08,Monday,11,4,2021
550,2021-11-09,Tuesday,11,4,2021
551,2021-11-10,Wednesday,11,4,2021
552,2021-11-11,Thursday,11,4,2021
553,2021-11-12,Friday,11,4,2021
554,2021-11-13,Saturday,11,4,2021
555,2021-11-14,Sunday,11,4,2021
556,2021-11-15,Monday,11,4,2021
557,2021-11-16,Tuesday,11,4,2021
558,2021-11-17,Wednesday,11,4,2021
559,2021-11-18,Thursday,11,4,2021
560,2021-11-19,Friday,11,4,2021
561,2021-11-20,Saturday,11,4,2021
562,2021-11-21,Sunday,11,4,2021
563,2021-11-22,Monday,11,4,2021
564,2021-11-23,Tuesday,11,4,2021
565,2021-11-24,Wednesday,11,4,2021
566,2021-11-25,Thursday,11,4,2021
567,2021-11-26,Friday,11,4,2021
568,2021-11-27,Saturday,11,4,2021
569,2021-11-28,Sunday,11,4,2021
570,2021-11-29,Monday,11,4,2021
571,2021-11-30,Tuesday,11,4,2021
572,2021-12-01,Wednesday,12,4,2021
573,2021-12-02,Thursday,12,4,2021
574,2021-12-03,Friday,12,4,2021
575,2021-12-04,Saturday,12,4,2021
576,2021-12-05,Sunday,12,4,2021
577,2021-12-06,Monday,12,4,2021
578,2021-12-07,Tuesday,12,4,2021
579,2021-12-08,Wednesday,12,4,2021
580,2021-12-09,Thursday,12,4,2021
581,2021-12-10,Friday,12,4,2021
582,2021-12-11,Saturday,12,4,2021
583,2021-12-12,Sunday,12,4,2021
584,2021-12-13,Monday,12,4,2021
585,2021-12-14,Tuesday,12,4,2021
586,2021-12-15,Wednesday,12,4,2021
587,2021-12-16,Thursday,12,4,2021
588,2021-12-17,Friday,12,4,2021
589,2021-12-18,Saturday,12,4,2021
590,2021-12-19,Sunday,12,4,2021
591,2021-12-20,Monday,12,4,2021
592,2021-12-21,Tuesday,12,4,2021
593,2021-12-22,Wednesday,12,4,2021
594,2021-12-23,Thursday,12,4,2021
595,2021-12-24,Friday,12,4,2021
596,2021-12-25,Saturday,12,4,2021
597,2021-12-26,Sunday,12,4,2021
598,2021-12-27,Monday,12,4,2021
599,2021-12-28,Tuesday,12,4,2021
600,2021-12-29,Wednesday,12,4,2021
601,2021-12-30,Thursday,12,4,2021
602,2021-12-31,Friday,12,4,2021
603,2022-01-01,Saturday,1,1,2022
604,2022-01-02,Sunday,1,1,2022
605,2022-01-03,Monday,1,1,2022
606,2022-01-04,Tuesday,1,1,2022
607,2022-01-05,Wednesday,1,1,2022
608,2022-01-06,Thursday,1,1,2022
609,2022-01-07,Friday,1,1,2022
610,2022-01-08,Saturday,1,1,2022
611,2022-01-09,Sunday,1,1,2022
612,2022-01-10,Monday,1,1,2022
613,2022-01-11,Tuesday,1,1,2022
614,2022-01-12,Wednesday,1,1,2022
615,2022-01-13,Thursday,1,1,2022
616,2022-01-14,Friday,1,1,2022
617,2022-01-15,Saturday,1,1,2022
618,2022-01-16,Sunday,1,1,2022
619,2022-01-17,Monday,1,1,2022
620,2022-01-18,Tuesday,1,1,2022
621,2022-01-19,Wednesday,1,1,2022
622,2022-01-20,Thursday,1,1,2022
623,2022-01-21,Friday,1,1,2022
624,2022-01-22,Saturday,1,1,2022
625,2022-01-23,Sunday,1,1,2022
626,2022-01-24,Monday,1,1,2022
627,2022-01-25,Tuesday,1,1,2022
628,2022-01-26,Wednesday,1,1,2022
629,2022-01-27,Thursday,1,1,2022
630,2022-01-28,Friday,1,1,2022
631,2022-01-29,Saturday,1,1,2022
632,2022-01-30,Sunday,1,1,2022
633,2022-01-31,Monday,1,1,2022
634,2022-02-01,Tuesday,2,1,2022
635,2022-02-02,Wednesday,2,1,2022
636,2022-02-03,Thursday,2,1,2022
637,2022-02-04,Friday,2,1,2022
638,2022-02-05,Saturday,2,1,2022
639,2022-02-06,Sunday,2,1,2022
640,2022-02-07,Monday,2,1,2022
641,2022-02-08,Tuesday,2,1,2022
642,2022-02-09,Wednesday,2,1,2022
643,2022-02-10,Thursday,2,1,2022
644,2022-02-11,Friday,2,1,2022
645,2022-02-12,Saturday,2,1,2022
646,2022-02-13,Sunday,2,1,2022
647,2022-02-14,Monday,2,1,2022
648,2022-02-15,Tuesday,2,1,2022
649,2022-02-16,Wednesday,2,1,2022
650,2022-02-17,Thursday,2,1,2022
651,2022-02-18,Friday,2,1,2022
652,2022-02-19,Saturday,2,1,2022
653,2022-02-20,Sunday,2,1,2022
654,2022-02-21,Monday,2,1,2022
655,2022-02-22,Tuesday,2,1,2022
656,2022-02-23,Wednesday,2,1,2022
657,2022-02-24,Thursday,2,1,2022
658,2022-02-25,Friday,2,1,2022
659,2022-02-26,Saturday,2,1,2022
660,2022-02-27,Sunday,2,1,2022
661,2022-02-28,Monday,2,1,2022
662,2022-03-01,Tuesday,3,1,2022
663,2022-03-02,Wednesday,3,1,2022
664,2022-03-03,Thursday,3,1,2022
665,2022-03-04,Friday,3,1,2022
666,2022-03-05,Saturday,3,1,2022
667,2022-03-06,Sunday,3,1,2022
668,2022-03-07,Monday,3,1,2022
669,2022-03-08,Tuesday,3,1,2022
670,2022-03-09,Wednesday,3,1,2022
671,2022-03-10,Thursday,3,1,2022
672,2022-03-11,Friday,3,1,2022
673,2022-03-12,Saturday,3,1,2022
674,2022-03-13,Sunday,3,1,2022
675,2022-03-14,Monday,3,1,2022
676,2022-03-15,Tuesday,3,1,2022
677,2022-03-16,Wednesday,3,1,2022
678,2022-03-17,Thursday,3,1,2022
679,2022-03-18,Friday,3,1,2022
680,2022-03-19,Saturday,3,1,2022
681,2022-03-20,Sunday,3,1,2022
682,2022-03-21,Monday,3,1,2022
683,2022-03-22,Tuesday,3,1,2022
684,2022-03-23,Wednesday,3,1,2022
685,2022-03-24,Thursday,3,1,2022
686,2022-03-25,Friday,3,1,2022
687,2022-03-26,Saturday,3,1,2022
688,2022-03-27,Sunday,3,1,2022
689,2022-03-28,Monday,3,1,2022
690,2022-03-29,Tuesday,3,1,2022
691,2022-03-30,Wednesday,3,1,2022
692,2022-03-31,Thursday,3,1,2022
693,2022-04-01,Friday,4,2,2022
694,2022-04-02,Saturday,4,2,2022
695,2022-04-03,Sunday,4,2,2022
696,2022-04-04,Monday,4,2,2022
697,2022-04-05,Tuesday,4,2,2022
698,2022-04-06,Wednesday,4,2,2022
699,2022-04-07,Thursday,4,2,2022
700,2022-04-08,Friday,4,2,2022
701,2022-04-09,Saturday,4,2,2022
702,2022-04-10,Sunday,4,2,2022
703,2022-04-11,Monday,4,2,2022
704,2022-04-12,Tuesday,4,2,2022
705,2022-04-13,Wednesday,4,2,2022
706,2022-04-14,Thursday,4,2,2022
707,2022-04-15,Friday,4,2,2022
708,2022-04-16,Saturday,4,2,2022
709,2022-04-17,Sunday,4,2,2022
710,2022-04-18,Monday,4,2,2022
711,2022-04-19,Tuesday,4,2,2022
712,2022-04-20,Wednesday,4,2,2022
713,2022-04-21,Thursday,4,2,2022
714,2022-04-22,Friday,4,2,2022
715,2022-04-23,Saturday,4,2,2022
716,2022-04-24,Sunday,4,2,2022
717,2022-04-25,Monday,4,2,2022
718,2022-04-26,Tuesday,4,2,2022
719,2022-04-27,Wednesday,4,2,2022
720,2022-04-28,Thursday,4,2,2022
721,2022-04-29,Friday,4,2,2022
722,2022-04-30,Saturday,4,2,2022
723,2022-05-01,Sunday,5,2,2022
724,2022-05-02,Monday,5,2,2022
725,2022-05-03,Tuesday,5,2,2022
726,2022-05-04,Wednesday,5,2,2022
727,2022-05-05,Thursday,5,2,2022
728,2022-05-06,Friday,5,2,2022
729,2022-05-07,Saturday,5,2,2022
730,2022-05-08,Sunday,5,2,2022
731,2022-05-09,Monday,5,2,2022
732,2022-05-10,Tuesday,5,2,2022
733,2022-05-11,Wednesday,5,2,2022
734,2022-05-12,Thursday,5,2,2022
735,2022-05-13,Friday,5,2,2022
736,2022-05-14,Saturday,5,2,2022
737,2022-05-15,Sunday,5,2,2022
738,2022-05-16,Monday,5,2,2022
739,2022-05-17,Tuesday,5,2,2022
740,2022-05-18,Wednesday,5,2,2022
741,2022-05-19,Thursday,5,2,2022
742,2022-05-20,Friday,5,2,2022
743,2022-05-21,Saturday,5,2,2022
744,2022-05-22,Sunday,5,2,2022
745,2022-05-23,Monday,5,2,2022
746,2022-05-24,Tuesday,5,2,2022
747,2022-05-25,Wednesday,5,2,2022
748,2022-05-26,Thursday,5,2,2022
749,2022-05-27,Friday,5,2,2022
750,2022-05-28,Saturday,5,2,2022
751,2022-05-29,Sunday,5,2,2022
752,2022-05-30,Monday,5,2,2022
753,2022-05-31,Tuesday,5,2,2022
754,2022-06-01,Wednesday,6,2,2022
755,2022-06-02,Thursday,6,2,2022
756,2022-06-03,Friday,6,2,2022
757,2022-06-04,Saturday,6,2,2022
758,2022-06-05,Sunday,6,2,2022
759,2022-06-06,Monday,6,2,2022
760,2022-06-07,Tuesday,6,2,2022
761,2022-06-08,Wednesday,6,2,2022
762,2022-06-09,Thursday,6,2,2022
763,2022-06-10,Friday,6,2,2022
764,2022-06-11,Saturday,6,2,2022
765,2022-06-12,Sunday,6,2,2022
766,2022-06-13,Monday,6,2,2022
767,2022-06-14,Tuesday,6,2,2022
768,2022-06-15,Wednesday,6,2,2022
769,2022-06-16,Thursday,6,2,2022
770,2022-06-17,Friday,6,2,2022
771,2022-06-18,Saturday,6,2,2022
772,2022-06-19,Sunday,6,2,2022
773,2022-06-20,Monday,6,2,2022
774,2022-06-21,Tuesday,6,2,2022
775,2022-06-22,Wednesday,6,2,2022
776,2022-06-23,Thursday,6,2,2022
777,2022-06-24,Friday,6,2,2022
778,2022-06-25,Saturday,6,2,2022
779,2022-06-26,Sunday,6,2,2022
780,2022-06-27,Monday,6,2,2022
781,2022-06-28,Tuesday,6,2,2022
782,2022-06-29,Wednesday,6,2,2022
783,2022-06-30,Thursday,6,2,2022
784,2022-07-01,Friday,7,3,2022
785,2022-07-02,Saturday,7,3,2022
786,2022-07-03,Sunday,7,3,2022
787,2022-07-04,Monday,7,3,2022
788,2022-07-05,Tuesday,7,3,2022
789,2022-07-06,Wednesday,7,3,2022
790,2022-07-07,Thursday,7,3,2022
791,2022-07-08,Friday,7,3,2022
792,2022-07-09,Saturday,7,3,2022
793,2022-07-10,Sunday,7,3,2022
794,2022-07-11,Monday,7,3,2022
795,2022-07-12,Tuesday,7,3,2022
796,2022-07-13,Wednesday,7,3,2022
797,2022-07-14,Thursday,7,3,2022
798,2022-07-15,Friday,7,3,2022
799,2022-07-16,Saturday,7,3,2022
800,2022-07-17,Sunday,7,3,2022
801,2022-07-18,Monday,7,3,2022
802,2022-07-19,Tuesday,7,3,2022
803,2022-07-20,Wednesday,7,3,2022
804,2022-07-21,Thursday,7,3,2022
805,2022-07-22,Friday,7,3,2022
806,2022-07-23,Saturday,7,3,2022
807,2022-07-24,Sunday,7,3,2022
808,2022-07-25,Monday,7,3,2022
809,2022-07-26,Tuesday,7,3,2022
810,2022-07-27,Wednesday,7,3,2022
811,2022-07-28,Thursday,7,3,2022
812,2022-07-29,Friday,7,3,2022
813,2022-07-30,Saturday,7,3,2022
814,2022-07-31,Sunday,7,3,2022
815,2022-08-01,Monday,8,3,2022
816,2022-08-02,Tuesday,8,3,2022
817,2022-08-03,Wednesday,8,3,2022
818,2022-08-04,Thursday,8,3,2022
819,2022-08-05,Friday,8,3,2022
820,2022-08-06,Saturday,8,3,2022
821,2022-08-07,Sunday,8,3,2022
822,2022-08-08,Monday,8,3,2022
823,2022-08-09,Tuesday,8,3,2022
824,2022-08-10,Wednesday,8,3,2022
825,2022-08-11,Thursday,8,3,2022
826,2022-08-12,Friday,8,3,2022
827,2022-08-13,Saturday,8,3,2022
828,2022-08-14,Sunday,8,3,2022
829,2022-08-15,Monday,8,3,2022
830,2022-08-16,Tuesday,8,3,2022
831,2022-08-17,Wednesday,8,3,2022
832,2022-08-18,Thursday,8,3,2022
833,2022-08-19,Friday,8,3,2022
834,2022-08-20,Saturday,8,3,2022
835,2022-08-21,Sunday,8,3,2022
836,2022-08-22,Monday,8,3,2022
837,2022-08-23,Tuesday,8,3,2022
838,2022-08-24,Wednesday,8,3,2022
839,2022-08-25,Thursday,8,3,2022
840,2022-08-26,Friday,8,3,2022
841,2022-08-27,Saturday,8,3,2022
842,2022-08-28,Sunday,8,3,2022
843,2022-08-29,Monday,8,3,2022
844,2022-08-30,Tuesday,8,3,2022
845,2022-08-31,Wednesday,8,3,2022
846,2022-09-01,Thursday,9,3,2022
847,2022-09-02,Friday,9,3,2022
848,2022-09-03,Saturday,9,3,2022
849,2022-09-04,Sunday,9,3,2022
850,2022-09-05,Monday,9,3,2022
851,2022-09-06,Tuesday,9,3,2022
852,2022-09-07,Wednesday,9,3,2022
853,2022-09-08,Thursday,9,3,2022
854,2022-09-09,Friday,9,3,2022
855,2022-09-10,Saturday,9,3,2022
856,2022-09-11,Sunday,9,3,2022
857,2022-09-12,Monday,9,3,2022
858,2022-09-13,Tuesday,9,3,2022
859,2022-09-14,Wednesday,9,3,2022
860,2022-09-15,Thursday,9,3,2022
861,2022-09-16,Friday,9,3,2022
862,2022-09-17,Saturday,9,3,2022
863,2022-09-18,Sunday,9,3,2022
864,2022-09-19,Monday,9,3,2022
865,2022-09-20,Tuesday,9,3,2022
866,2022-09-21,Wednesday,9,3,2022
867,2022-09-22,Thursday,9,3,2022
868,2022-09-23,Friday,9,3,2022
869,2022-09-24,Saturday,9,3,2022
870,2022-09-25,Sunday,9,3,2022
871,2022-09-26,Monday,9,3,2022
872,2022-09-27,Tuesday,9,3,2022
873,2022-09-28,Wednesday,9,3,2022
874,2022-09-29,Thursday,9,3,2022
875,2022-09-30,Friday,9,3,2022
876,2022-10-01,Saturday,10,4,2022
877,2022-10-02,Sunday,10,4,2022
878,2022-10-03,Monday,10,4,2022
879,2022-10-04,Tuesday,10,4,2022
880,2022-10-05,Wednesday,10,4,2022
881,2022-10-06,Thursday,10,4,2022
882,2022-10-07,Friday,10,4,2022
883,2022-10-08,Saturday,10,4,2022
884,2022-10-09,Sunday,10,4,2022
885,2022-10-10,Monday,10,4,2022
886,2022-10-11,Tuesday,10,4,2022
887,2022-10-12,Wednesday,10,4,2022
888,2022-10-13,Thursday,10,4,2022
889,2022-10-14,Friday,10,4,2022
890,2022-10-15,Saturday,10,4,2022
891,2022-10-16,Sunday,10,4,2022
892,2022-10-17,Monday,10,4,2022
893,2022-10-18,Tuesday,10,4,2022
894,2022-10-19,Wednesday,10,4,2022
895,2022-10-20,Thursday,10,4,2022
896,2022-10-21,Friday,10,4,2022
897,2022-10-22,Saturday,10,4,2022
898,2022-10-23,Sunday,10,4,2022
899,2022-10-24,Monday,10,4,2022
900,2022-10-25,Tuesday,10,4,2022
901,2022-10-26,Wednesday,10,4,2022
902,2022-10-27,Thursday,10,4,2022
903,2022-10-28,Friday,10,4,2022
904,2022-10-29,Saturday,10,4,2022
905,2022-10-30,Sunday,10,4,2022
906,2022-10-31,Monday,10,4,2022
907,2022-11-01,Tuesday,11,4,2022
908,2022-11-02,Wednesday,11,4,2022
909,2022-11-03,Thursday,11,4,2022
910,2022-11-04,Friday,11,4,2022
911,2022-11-05,Saturday,11,4,2022
912,2022-11-06,Sunday,11,4,2022
913,2022-11-07,Monday,11,4,2022
914,2022-11-08,Tuesday,11,4,2022
915,2022-11-09,Wednesday,11,4,2022
916,2022-11-10,Thursday,11,4,2022
917,2022-11-11,Friday,11,4,2022
918,2022-11-12,Saturday,11,4,2022
919,2022-11-13,Sunday,11,4,2022
920,2022-11-14,Monday,11,4,2022
921,2022-11-15,Tuesday,11,4,2022
922,2022-11-16,Wednesday,11,4,2022
923,2022-11-17,Thursday,11,4,2022
924,2022-11-18,Friday,11,4,2022
925,2022-11-19,Saturday,11,4,2022
926,2022-11-20,Sunday,11,4,2022
927,2022-11-21,Monday,11,4,2022
928,2022-11-22,Tuesday,11,4,2022
929,2022-11-23,Wednesday,11,4,2022
930,2022-11-24,Thursday,11,4,2022
931,2022-11-25,Friday,11,4,2022
932,2022-11-26,Saturday,11,4,2022
933,2022-11-27,Sunday,11,4,2022
934,2022-11-28,Monday,11,4,2022
935,2022-11-29,Tuesday,11,4,2022
936,2022-11-30,Wednesday,11,4,2022
937,2022-12-01,Thursday,12,4,2022
938,2022-12-02,Friday,12,4,2022
939,2022-12-03,Saturday,12,4,2022
940,2022-12-04,Sunday,12,4,2022
941,2022-12-05,Monday,12,4,2022
942,2022-12-06,Tuesday,12,4,2022
943,2022-12-07,Wednesday,12,4,2022
944,2022-12-08,Thursday,12,4,2022
945,2022-12-09,Friday,12,4,2022
946,2022-12-10,Saturday,12,4,2022
947,2022-12-11,Sunday,12,4,2022
948,2022-12-12,Monday,12,4,2022
949,2022-12-13,Tuesday,12,4,2022
950,2022-12-14,Wednesday,12,4,2022
951,2022-12-15,Thursday,12,4,2022
952,2022-12-16,Friday,12,4,2022
953,2022-12-17,Saturday,12,4,2022
954,2022-12-18,Sunday,12,4,2022
955,2022-12-19,Monday,12,4,2022
956,2022-12-20,Tuesday,12,4,2022
957,2022-12-21,Wednesday,12,4,2022
958,2022-12-22,Thursday,12,4,2022
959,2022-12-23,Friday,12,4,2022
960,2022-12-24,Saturday,12,4,2022
961,2022-12-25,Sunday,12,4,2022
962,2022-12-26,Monday,12,4,2022
963,2022-12-27,Tuesday,12,4,2022
964,2022-12-28,Wednesday,12,4,2022
965,2022-12-29,Thursday,12,4,2022
966,2022-12-30,Friday,12,4,2022
967,2022-12-31,Saturday,12,4,2022
968,2023-01-01,Sunday,1,1,2023
969,2023-01-02,Monday,1,1,2023
970,2023-01-03,Tuesday,1,1,2023
971,2023-01-04,Wednesday,1,1,2023
972,2023-01-05,Thursday,1,1,2023
973,2023-01-06,Friday,1,1,2023
974,2023-01-07,Saturday,1,1,2023
975,2023-01-08,Sunday,1,1,2023
976,2023-01-09,Monday,1,1,2023
977,2023-01-10,Tuesday,1,1,2023
978,2023-01-11,Wednesday,1,1,2023
979,2023-01-12,Thursday,1,1,2023
980,2023-01-13,Friday,1,1,2023
981,2023-01-14,Saturday,1,1,2023
982,2023-01-15,Sunday,1,1,2023
983,2023-01-16,Monday,1,1,2023
984,2023-01-17,Tuesday,1,1,2023
985,2023-01-18,Wednesday,1,1,2023
986,2023-01-19,Thursday,1,1,2023
987,2023-01-20,Friday,1,1,2023
988,2023-01-21,Saturday,1,1,2023
989,2023-01-22,Sunday,1,1,2023
990,2023-01-23,Monday,1,1,2023
991,2023-01-24,Tuesday,1,1,2023
992,2023-01-25,Wednesday,1,1,2023
993,2023-01-26,Thursday,1,1,2023
994,2023-01-27,Friday,1,1,2023
995,2023-01-28,Saturday,1,1,2023
996,2023-01-29,Sunday,1,1,2023
997,2023-01-30,Monday,1,1,2023
998,2023-01-31,Tuesday,1,1,2023
999,2023-02-01,Wednesday,2,1,2023
1000,2023-02-02,Thursday,2,1,2023
1001,2023-02-03,Friday,2,1,2023
1002,2023-02-04,Saturday,2,1,2023
1003,2023-02-05,Sunday,2,1,2023
1004,2023-02-06,Monday,2,1,2023
1005,2023-02-07,Tuesday,2,1,2023
1006,2023-02-08,Wednesday,2,1,2023
1007,2023-02-09,Thursday,2,1,2023
1008,2023-02-10,Friday,2,1,2023
1009,2023-02-11,Saturday,2,1,2023
1010,2023-02-12,Sunday,2,1,2023
1011,2023-02-13,Monday,2,1,2023
1012,2023-02-14,Tuesday,2,1,2023
1013,2023-02-15,Wednesday,2,1,2023
1014,2023-02-16,Thursday,2,1,2023
1015,2023-02-17,Friday,2,1,2023
1016,2023-02-18,Saturday,2,1,2023
1017,2023-02-19,Sunday,2,1,2023
1018,2023-02-20,Monday,2,1,2023
1019,2023-02-21,Tuesday,2,1,2023
1020,2023-02-22,Wednesday,2,1,2023
1021,2023-02-23,Thursday,2,1,2023
1022,2023-02-24,Friday,2,1,2023
1023,2023-02-25,Saturday,2,1,2023
1024,2023-02-26,Sunday,2,1,2023
1025,2023-02-27,Monday,2,1,2023
1026,2023-02-28,Tuesday,2,1,2023
1027,2023-03-01,Wednesday,3,1,2023
1028,2023-03-02,Thursday,3,1,2023
1029,2023-03-03,Friday,3,1,2023
1030,2023-03-04,Saturday,3,1,2023
1031,2023-03-05,Sunday,3,1,2023
1032,2023-03-06,Monday,3,1,2023
1033,2023-03-07,Tuesday,3,1,2023
1034,2023-03-08,Wednesday,3,1,2023
1035,2023-03-09,Thursday,3,1,2023
1036,2023-03-10,Friday,3,1,2023
1037,2023-03-11,Saturday,3,1,2023
1038,2023-03-12,Sunday,3,1,2023
1039,2023-03-13,Monday,3,1,2023
1040,2023-03-14,Tuesday,3,1,2023
1041,2023-03-15,Wednesday,3,1,2023
1042,2023-03-16,Thursday,3,1,2023
1043,2023-03-17,Friday,3,1,2023
1044,2023-03-18,Saturday,3,1,2023
1045,2023-03-19,Sunday,3,1,2023
1046,2023-03-20,Monday,3,1,2023
1047,2023-03-21,Tuesday,3,1,2023
1048,2023-03-22,Wednesday,3,1,2023
1049,2023-03-23,Thursday,3,1,2023
1050,2023-03-24,Friday,3,1,2023
1051,2023-03-25,Saturday,3,1,2023
1052,2023-03-26,Sunday,3,1,2023
1053,2023-03-27,Monday,3,1,2023
1054,2023-03-28,Tuesday,3,1,2023
1055,2023-03-29,Wednesday,3,1,2023
1056,2023-03-30,Thursday,3,1,2023
1057,2023-03-31,Friday,3,1,2023
1058,2023-04-01,Saturday,4,2,2023
1059,2023-04-02,Sunday,4,2,2023
1060,2023-04-03,Monday,4,2,2023
1061,2023-04-04,Tuesday,4,2,2023
1062,2023-04-05,Wednesday,4,2,2023
1063,2023-04-06,Thursday,4,2,2023
1064,2023-04-07,Friday,4,2,2023
1065,2023-04-08,Saturday,4,2,2023
1066,2023-04-09,Sunday,4,2,2023
1067,2023-04-10,Monday,4,2,2023
1068,2023-04-11,Tuesday,4,2,2023
1069,2023-04-12,Wednesday,4,2,2023
1070,2023-04-13,Thursday,4,2,2023
1071,2023-04-14,Friday,4,2,2023
1072,2023-04-15,Saturday,4,2,2023
1073,2023-04-16,Sunday,4,2,2023
1074,2023-04-17,Monday,4,2,2023
1075,2023-04-18,Tuesday,4,2,2023
1076,2023-04-19,Wednesday,4,2,2023
1077,2023-04-20,Thursday,4,2,2023
1078,2023-04-21,Friday,4,2,2023
1079,2023-04-22,Saturday,4,2,2023
1080,2023-04-23,Sunday,4,2,2023
1081,2023-04-24,Monday,4,2,2023
1082,2023-04-25,Tuesday,4,2,2023
1083,2023-04-26,Wednesday,4,2,2023
1084,2023-04-27,Thursday,4,2,2023
1085,2023-04-28,Friday,4,2,2023
1086,2023-04-29,Saturday,4,2,2023
1087,2023-04-30,Sunday,4,2,2023
1088,2023-05-01,Monday,5,2,2023
1089,2023-05-02,Tuesday,5,2,2023
1090,2023-05-03,Wednesday,5,2,2023
1091,2023-05-04,Thursday,5,2,2023
1092,2023-05-05,Friday,5,2,2023
1093,2023-05-06,Saturday,5,2,2023
1094,2023-05-07,Sunday,5,2,2023
1095,2023-05-08,Monday,5,2,2023
1096,2023-05-09,Tuesday,5,2,2023
1097,2023-05-10,Wednesday,5,2,2023
1098,2023-05-11,Thursday,5,2,2023
1099,2023-05-12,Friday,5,2,2023
1100,2023-05-13,Saturday,5,2,2023
1101,2023-05-14,Sunday,5,2,2023
1102,2023-05-15,Monday,5,2,2023
1103,2023-05-16,Tuesday,5,2,2023
1104,2023-05-17,Wednesday,5,2,2023
1105,2023-05-18,Thursday,5,2,2023
1106,2023-05-19,Friday,5,2,2023
1107,2023-05-20,Saturday,5,2,2023
1108,2023-05-21,Sunday,5,2,2023
1109,2023-05-22,Monday,5,2,2023
1110,2023-05-23,Tuesday,5,2,2023
1111,2023-05-24,Wednesday,5,2,2023
1112,2023-05-25,Thursday,5,2,2023
1113,2023-05-26,Friday,5,2,2023
1114,2023-05-27,Saturday,5,2,2023
1115,2023-05-28,Sunday,5,2,2023
1116,2023-05-29,Monday,5,2,2023
1117,2023-05-30,Tuesday,5,2,2023
1118,2023-05-31,Wednesday,5,2,2023
1119,2023-06-01,Thursday,6,2,2023
1120,2023-06-02,Friday,6,2,2023
1121,2023-06-03,Saturday,6,2,2023
1122,2023-06-04,Sunday,6,2,2023
1123,2023-06-05,Monday,6,2,2023
1124,2023-06-06,Tuesday,6,2,2023
1125,2023-06-07,Wednesday,6,2,2023
1126,2023-06-08,Thursday,6,2,2023
1127,2023-06-09,Friday,6,2,2023
1128,2023-06-10,Saturday,6,2,2023
1129,2023-06-11,Sunday,6,2,2023
1130,2023-06-12,Monday,6,2,2023
1131,2023-06-13,Tuesday,6,2,2023
1132,2023-06-14,Wednesday,6,2,2023
1133,2023-06-15,Thursday,6,2,2023
1134,2023-06-16,Friday,6,2,2023
1135,2023-06-17,Saturday,6,2,2023
1136,2023-06-18,Sunday,6,2,2023
1137,2023-06-19,Monday,6,2,2023
1138,2023-06-20,Tuesday,6,2,2023
1139,2023-06-21,Wednesday,6,2,2023
1140,2023-06-22,Thursday,6,2,2023
1141,2023-06-23,Friday,6,2,2023
1142,2023-06-24,Saturday,6,2,2023
1143,2023-06-25,Sunday,6,2,2023
1144,2023-06-26,Monday,6,2,2023
1145,2023-06-27,Tuesday,6,2,2023
1146,2023-06-28,Wednesday,6,2,2023
1147,2023-06-29,Thursday,6,2,2023
1148,2023-06-30,Friday,6,2,2023
1149,2023-07-01,Saturday,7,3,2023
1150,2023-07-02,Sunday,7,3,2023
1151,2023-07-03,Monday,7,3,2023
1152,2023-07-04,Tuesday,7,3,2023
1153,2023-07-05,Wednesday,7,3,2023
1154,2023-07-06,Thursday,7,3,2023
1155,2023-07-07,Friday,7,3,2023
1156,2023-07-08,Saturday,7,3,2023
1157,2023-07-09,Sunday,7,3,2023
1158,2023-07-10,Monday,7,3,2023
1159,2023-07-11,Tuesday,7,3,2023
1160,2023-07-12,Wednesday,7,3,2023
1161,2023-07-13,Thursday,7,3,2023
1162,2023-07-14,Friday,7,3,2023
1163,2023-07-15,Saturday,7,3,2023
1164,2023-07-16,Sunday,7,3,2023
1165,2023-07-17,Monday,7,3,2023
1166,2023-07-18,Tuesday,7,3,2023
1167,2023-07-19,Wednesday,7,3,2023
1168,2023-07-20,Thursday,7,3,2023
1169,2023-07-21,Friday,7,3,2023
1170,2023-07-22,Saturday,7,3,2023
1171,2023-07-23,Sunday,7,3,2023
1172,2023-07-24,Monday,7,3,2023
1173,2023-07-25,Tuesday,7,3,2023
1174,2023-07-26,Wednesday,7,3,2023
1175,2023-07-27,Thursday,7,3,2023
1176,2023-07-28,Friday,7,3,2023
1177,2023-07-29,Saturday,7,3,2023
1178,2023-07-30,Sunday,7,3,2023
1179,2023-07-31,Monday,7,3,2023
1180,2023-08-01,Tuesday,8,3,2023
1181,2023-08-02,Wednesday,8,3,2023
1182,2023-08-03,Thursday,8,3,2023
1183,2023-08-04,Friday,8,3,2023
1184,2023-08-05,Saturday,8,3,2023
1185,2023-08-06,Sunday,8,3,2023
1186,2023-08-07,Monday,8,3,2023
1187,2023-08-08,Tuesday,8,3,2023
1188,2023-08-09,Wednesday,8,3,2023
1189,2023-08-10,Thursday,8,3,2023
1190,2023-08-11,Friday,8,3,2023
1191,2023-08-12,Saturday,8,3,2023
1192,2023-08-13,Sunday,8,3,2023
1193,2023-08-14,Monday,8,3,2023
1194,2023-08-15,Tuesday,8,3,2023
1195,2023-08-16,Wednesday,8,3,2023
1196,2023-08-17,Thursday,8,3,2023
1197,2023-08-18,Friday,8,3,2023
1198,2023-08-19,Saturday,8,3,2023
1199,2023-08-20,Sunday,8,3,2023
1200,2023-08-21,Monday,8,3,2023
1201,2023-08-22,Tuesday,8,3,2023
1202,2023-08-23,Wednesday,8,3,2023
1203,2023-08-24,Thursday,8,3,2023
1204,2023-08-25,Friday,8,3,2023
1205,2023-08-26,Saturday,8,3,2023
1206,2023-08-27,Sunday,8,3,2023
1207,2023-08-28,Monday,8,3,2023
1208,2023-08-29,Tuesday,8,3,2023
1209,2023-08-30,Wednesday,8,3,2023
1210,2023-08-31,Thursday,8,3,2023
1211,2023-09-01,Friday,9,3,2023
1212,2023-09-02,Saturday,9,3,2023
1213,2023-09-03,Sunday,9,3,2023
1214,2023-09-04,Monday,9,3,2023
1215,2023-09-05,Tuesday,9,3,2023
1216,2023-09-06,Wednesday,9,3,2023
1217,2023-09-07,Thursday,9,3,2023
1218,2023-09-08,Friday,9,3,2023
1219,2023-09-09,Saturday,9,3,2023
1220,2023-09-10,Sunday,9,3,2023
1221,2023-09-11,Monday,9,3,2023
1222,2023-09-12,Tuesday,9,3,2023
1223,2023-09-13,Wednesday,9,3,2023
1224,2023-09-14,Thursday,9,3,2023
1225,2023-09-15,Friday,9,3,2023
1226,2023-09-16,Saturday,9,3,2023
1227,2023-09-17,Sunday,9,3,2023
1228,2023-09-18,Monday,9,3,2023
1229,2023-09-19,Tuesday,9,3,2023
1230,2023-09-20,Wednesday,9,3,2023
1231,2023-09-21,Thursday,9,3,2023
1232,2023-09-22,Friday,9,3,2023
1233,2023-09-23,Saturday,9,3,2023
1234,2023-09-24,Sunday,9,3,2023
1235,2023-09-25,Monday,9,3,2023
1236,2023-09-26,Tuesday,9,3,2023
1237,2023-09-27,Wednesday,9,3,2023
1238,2023-09-28,Thursday,9,3,2023
1239,2023-09-29,Friday,9,3,2023
1240,2023-09-30,Saturday,9,3,2023
1241,2023-10-01,Sunday,10,4,2023
1242,2023-10-02,Monday,10,4,2023
1243,2023-10-03,Tuesday,10,4,2023
1244,2023-10-04,Wednesday,10,4,2023
1245,2023-10-05,Thursday,10,4,2023
1246,2023-10-06,Friday,10,4,2023
1247,2023-10-07,Saturday,10,4,2023
1248,2023-10-08,Sunday,10,4,2023
1249,2023-10-09,Monday,10,4,2023
1250,2023-10-10,Tuesday,10,4,2023
1251,2023-10-11,Wednesday,10,4,2023
1252,2023-10-12,Thursday,10,4,2023
1253,2023-10-13,Friday,10,4,2023
1254,2023-10-14,Saturday,10,4,2023
1255,2023-10-15,Sunday,10,4,2023
1256,2023-10-16,Monday,10,4,2023
1257,2023-10-17,Tuesday,10,4,2023
1258,2023-10-18,Wednesday,10,4,2023
1259,2023-10-19,Thursday,10,4,2023
1260,2023-10-20,Friday,10,4,2023
1261,2023-10-21,Saturday,10,4,2023
1262,2023-10-22,Sunday,10,4,2023
1263,2023-10-23,Monday,10,4,2023
1264,2023-10-24,Tuesday,10,4,2023
1265,2023-10-25,Wednesday,10,4,2023
1266,2023-10-26,Thursday,10,4,2023
1267,2023-10-27,Friday,10,4,2023
1268,2023-10-28,Saturday,10,4,2023
1269,2023-10-29,Sunday,10,4,2023
1270,2023-10-30,Monday,10,4,2023
1271,2023-10-31,Tuesday,10,4,2023
1272,2023-11-01,Wednesday,11,4,2023
1273,2023-11-02,Thursday,11,4,2023
1274,2023-11-03,Friday,11,4,2023
1275,2023-11-04,Saturday,11,4,2023
1276,2023-11-05,Sunday,11,4,2023
1277,2023-11-06,Monday,11,4,2023
1278,2023-11-07,Tuesday,11,4,2023
1279,2023-11-08,Wednesday,11,4,2023
1280,2023-11-09,Thursday,11,4,2023
1281,2023-11-10,Friday,11,4,2023
1282,2023-11-11,Saturday,11,4,2023
1283,2023-11-12,Sunday,11,4,2023
1284,2023-11-13,Monday,11,4,2023
1285,2023-11-14,Tuesday,11,4,2023
1286,2023-11-15,Wednesday,11,4,2023
1287,2023-11-16,Thursday,11,4,2023
1288,2023-11-17,Friday,11,4,2023
1289,2023-11-18,Saturday,11,4,2023
1290,2023-11-19,Sunday,11,4,2023
1291,2023-11-20,Monday,11,4,2023
1292,2023-11-21,Tuesday,11,4,2023
1293,2023-11-22,Wednesday,11,4,2023
1294,2023-11-23,Thursday,11,4,2023
1295,2023-11-24,Friday,11,4,2023
1296,2023-11-25,Saturday,11,4,2023
1297,2023-11-26,Sunday,11,4,2023
1298,2023-11-27,Monday,11,4,2023
1299,2023-11-28,Tuesday,11,4,2023
1300,2023-11-29,Wednesday,11,4,2023
1301,2023-11-30,Thursday,11,4,2023
1302,2023-12-01,Friday,12,4,2023
1303,2023-12-02,Saturday,12,4,2023
1304,2023-12-03,Sunday,12,4,2023
1305,2023-12-04,Monday,12,4,2023
1306,2023-12-05,Tuesday,12,4,2023
1307,2023-12-06,Wednesday,12,4,2023
1308,2023-12-07,Thursday,12,4,2023
1309,2023-12-08,Friday,12,4,2023
1310,2023-12-09,Saturday,12,4,2023
1311,2023-12-10,Sunday,12,4,2023
1312,2023-12-11,Monday,12,4,2023
1313,2023-12-12,Tuesday,12,4,2023
1314,2023-12-13,Wednesday,12,4,2023
1315,2023-12-14,Thursday,12,4,2023
1316,2023-12-15,Friday,12,4,2023
1317,2023-12-16,Saturday,12,4,2023
1318,2023-12-17,Sunday,12,4,2023
1319,2023-12-18,Monday,12,4,2023
1320,2023-12-19,Tuesday,12,4,2023
1321,2023-12-20,Wednesday,12,4,2023
1322,2023-12-21,Thursday,12,4,2023
1323,2023-12-22,Friday,12,4,2023
1324,2023-12-23,Saturday,12,4,2023
1325,2023-12-24,Sunday,12,4,2023
1326,2023-12-25,Monday,12,4,2023
1327,2023-12-26,Tuesday,12,4,2023
1328,2023-12-27,Wednesday,12,4,2023
1329,2023-12-28,Thursday,12,4,2023
1330,2023-12-29,Friday,12,4,2023
1331,2023-12-30,Saturday,12,4,2023
1332,2023-12-31,Sunday,12,4,2023
1333,2024-01-01,Monday,1,1,2024
1334,2024-01-02,Tuesday,1,1,2024
1335,2024-01-03,Wednesday,1,1,2024
1336,2024-01-04,Thursday,1,1,2024
1337,2024-01-05,Friday,1,1,2024
1338,2024-01-06,Saturday,1,1,2024
1339,2024-01-07,Sunday,1,1,2024
1340,2024-01-08,Monday,1,1,2024
1341,2024-01-09,Tuesday,1,1,2024
1342,2024-01-10,Wednesday,1,1,2024
1343,2024-01-11,Thursday,1,1,2024
1344,2024-01-12,Friday,1,1,2024
1345,2024-01-13,Saturday,1,1,2024
1346,2024-01-14,Sunday,1,1,2024
1347,2024-01-15,Monday,1,1,2024
1348,2024-01-16,Tuesday,1,1,2024
1349,2024-01-17,Wednesday,1,1,2024
1350,2024-01-18,Thursday,1,1,2024
1351,2024-01-19,Friday,1,1,2024
1352,2024-01-20,Saturday,1,1,2024
1353,2024-01-21,Sunday,1,1,2024
1354,2024-01-22,Monday,1,1,2024
1355,2024-01-23,Tuesday,1,1,2024
1356,2024-01-24,Wednesday,1,1,2024
1357,2024-01-25,Thursday,1,1,2024
1358,2024-01-26,Friday,1,1,2024
1359,2024-01-27,Saturday,1,1,2024
1360,2024-01-28,Sunday,1,1,2024
1361,2024-01-29,Monday,1,1,2024
1362,2024-01-30,Tuesday,1,1,2024
1363,2024-01-31,Wednesday,1,1,2024
1364,2024-02-01,Thursday,2,1,2024
1365,2024-02-02,Friday,2,1,2024
1366,2024-02-03,Saturday,2,1,2024
1367,2024-02-04,Sunday,2,1,2024
1368,2024-02-05,Monday,2,1,2024
1369,2024-02-06,Tuesday,2,1,2024
1370,2024-02-07,Wednesday,2,1,2024
1371,2024-02-08,Thursday,2,1,2024
1372,2024-02-09,Friday,2,1,2024
1373,2024-02-10,Saturday,2,1,2024
1374,2024-02-11,Sunday,2,1,2024
1375,2024-02-12,Monday,2,1,2024
1376,2024-02-13,Tuesday,2,1,2024
1377,2024-02-14,Wednesday,2,1,2024
1378,2024-02-15,Thursday,2,1,2024
1379,2024-02-16,Friday,2,1,2024
1380,2024-02-17,Saturday,2,1,2024
1381,2024-02-18,Sunday,2,1,2024
1382,2024-02-19,Monday,2,1,2024
1383,2024-02-20,Tuesday,2,1,2024
1384,2024-02-21,Wednesday,2,1,2024
1385,2024-02-22,Thursday,2,1,2024
1386,2024-02-23,Friday,2,1,2024
1387,2024-02-24,Saturday,2,1,2024
1388,2024-02-25,Sunday,2,1,2024
1389,2024-02-26,Monday,2,1,2024
1390,2024-02-27,Tuesday,2,1,2024
1391,2024-02-28,Wednesday,2,1,2024
1392,2024-02-29,Thursday,2,1,2024
1393,2024-03-01,Friday,3,1,2024
1394,2024-03-02,Saturday,3,1,2024
1395,2024-03-03,Sunday,3,1,2024
1396,2024-03-04,Monday,3,1,2024
1397,2024-03-05,Tuesday,3,1,2024
1398,2024-03-06,Wednesday,3,1,2024
1399,2024-03-07,Thursday,3,1,2024
1400,2024-03-08,Friday,3,1,2024
1401,2024-03-09,Saturday,3,1,2024
1402,2024-03-10,Sunday,3,1,2024
1403,2024-03-11,Monday,3,1,2024
1404,2024-03-12,Tuesday,3,1,2024
1405,2024-03-13,Wednesday,3,1,2024
1406,2024-03-14,Thursday,3,1,2024
1407,2024-03-15,Friday,3,1,2024
1408,2024-03-16,Saturday,3,1,2024
1409,2024-03-17,Sunday,3,1,2024
1410,2024-03-18,Monday,3,1,2024
1411,2024-03-19,Tuesday,3,1,2024
1412,2024-03-20,Wednesday,3,1,2024
1413,2024-03-21,Thursday,3,1,2024
1414,2024-03-22,Friday,3,1,2024
1415,2024-03-23,Saturday,3,1,2024
1416,2024-03-24,Sunday,3,1,2024
1417,2024-03-25,Monday,3,1,2024
1418,2024-03-26,Tuesday,3,1,2024
1419,2024-03-27,Wednesday,3,1,2024
1420,2024-03-28,Thursday,3,1,2024
1421,2024-03-29,Friday,3,1,2024
1422,2024-03-30,Saturday,3,1,2024
1423,2024-03-31,Sunday,3,1,2024
1424,2024-04-01,Monday,4,2,2024
1425,2024-04-02,Tuesday,4,2,2024
1426,2024-04-03,Wednesday,4,2,2024
1427,2024-04-04,Thursday,4,2,2024
1428,2024-04-05,Friday,4,2,2024
1429,2024-04-06,Saturday,4,2,2024
1430,2024-04-07,Sunday,4,2,2024
1431,2024-04-08,Monday,4,2,2024
1432,2024-04-09,Tuesday,4,2,2024
1433,2024-04-10,Wednesday,4,2,2024
1434,2024-04-11,Thursday,4,2,2024
1435,2024-04-12,Friday,4,2,2024
1436,2024-04-13,Saturday,4,2,2024
1437,2024-04-14,Sunday,4,2,2024
1438,2024-04-15,Monday,4,2,2024
1439,2024-04-16,Tuesday,4,2,2024
1440,2024-04-17,Wednesday,4,2,2024
1441,2024-04-18,Thursday,4,2,2024
1442,2024-04-19,Friday,4,2,2024
1443,2024-04-20,Saturday,4,2,2024
1444,2024-04-21,Sunday,4,2,2024
1445,2024-04-22,Monday,4,2,2024
1446,2024-04-23,Tuesday,4,2,2024
1447,2024-04-24,Wednesday,4,2,2024
1448,2024-04-25,Thursday,4,2,2024
1449,2024-04-26,Friday,4,2,2024
1450,2024-04-27,Saturday,4,2,2024
1451,2024-04-28,Sunday,4,2,2024
1452,2024-04-29,Monday,4,2,2024
1453,2024-04-30,Tuesday,4,2,2024
1454,2024-05-01,Wednesday,5,2,2024
1455,2024-05-02,Thursday,5,2,2024
1456,2024-05-03,Friday,5,2,2024
1457,2024-05-04,Saturday,5,2,2024
1458,2024-05-05,Sunday,5,2,2024
1459,2024-05-06,Monday,5,2,2024
1460,2024-05-07,Tuesday,5,2,2024
1461,2024-05-08,Wednesday,5,2,2024
1462,2024-05-09,Thursday,5,2,2024
1463,2024-05-10,Friday,5,2,2024
1464,2024-05-11,Saturday,5,2,2024
1465,2024-05-12,Sunday,5,2,2024
1466,2024-05-13,Monday,5,2,2024
1467,2024-05-14,Tuesday,5,2,2024
1468,2024-05-15,Wednesday,5,2,2024
1469,2024-05-16,Thursday,5,2,2024
1470,2024-05-17,Friday,5,2,2024
1471,2024-05-18,Saturday,5,2,2024
1472,2024-05-19,Sunday,5,2,2024
1473,2024-05-20,Monday,5,2,2024
1474,2024-05-21,Tuesday,5,2,2024
1475,2024-05-22,Wednesday,5,2,2024
1476,2024-05-23,Thursday,5,2,2024
1477,2024-05-24,Friday,5,2,2024
1478,2024-05-25,Saturday,5,2,2024
1479,2024-05-26,Sunday,5,2,2024
1480,2024-05-27,Monday,5,2,2024
1481,2024-05-28,Tuesday,5,2,2024
1482,2024-05-29,Wednesday,5,2,2024
1483,2024-05-30,Thursday,5,2,2024
1484,2024-05-31,Friday,5,2,2024
1485,2024-06-01,Saturday,6,2,2024
1486,2024-06-02,Sunday,6,2,2024
1487,2024-06-03,Monday,6,2,2024
1488,2024-06-04,Tuesday,6,2,2024
1489,2024-06-05,Wednesday,6,2,2024
1490,2024-06-06,Thursday,6,2,2024
1491,2024-06-07,Friday,6,2,2024
1492,2024-06-08,Saturday,6,2,2024
1493,2024-06-09,Sunday,6,2,2024
1494,2024-06-10,Monday,6,2,2024
1495,2024-06-11,Tuesday,6,2,2024
1496,2024-06-12,Wednesday,6,2,2024
1497,2024-06-13,Thursday,6,2,2024
1498,2024-06-14,Friday,6,2,2024
1499,2024-06-15,Saturday,6,2,2024
1500,2024-06-16,Sunday,6,2,2024
1501,2024-06-17,Monday,6,2,2024
1502,2024-06-18,Tuesday,6,2,2024
1503,2024-06-19,Wednesday,6,2,2024
1504,2024-06-20,Thursday,6,2,2024
1505,2024-06-21,Friday,6,2,2024
1506,2024-06-22,Saturday,6,2,2024
1507,2024-06-23,Sunday,6,2,2024
1508,2024-06-24,Monday,6,2,2024
1509,2024-06-25,Tuesday,6,2,2024
1510,2024-06-26,Wednesday,6,2,2024
1511,2024-06-27,Thursday,6,2,2024
1512,2024-06-28,Friday,6,2,2024
1513,2024-06-29,Saturday,6,2,2024
1514,2024-06-30,Sunday,6,2,2024
1515,2024-07-01,Monday,7,3,2024
1516,2024-07-02,Tuesday,7,3,2024
1517,2024-07-03,Wednesday,7,3,2024
1518,2024-07-04,Thursday,7,3,2024
1519,2024-07-05,Friday,7,3,2024
1520,2024-07-06,Saturday,7,3,2024
1521,2024-07-07,Sunday,7,3,2024
1522,2024-07-08,Monday,7,3,2024
1523,2024-07-09,Tuesday,7,3,2024
1524,2024-07-10,Wednesday,7,3,2024
1525,2024-07-11,Thursday,7,3,2024
1526,2024-07-12,Friday,7,3,2024
1527,2024-07-13,Saturday,7,3,2024
1528,2024-07-14,Sunday,7,3,2024
1529,2024-07-15,Monday,7,3,2024
1530,2024-07-16,Tuesday,7,3,2024
1531,2024-07-17,Wednesday,7,3,2024
1532,2024-07-18,Thursday,7,3,2024
1533,2024-07-19,Friday,7,3,2024
1534,2024-07-20,Saturday,7,3,2024
1535,2024-07-21,Sunday,7,3,2024
1536,2024-07-22,Monday,7,3,2024
1537,2024-07-23,Tuesday,7,3,2024
1538,2024-07-24,Wednesday,7,3,2024
1539,2024-07-25,Thursday,7,3,2024
1540,2024-07-26,Friday,7,3,2024
1541,2024-07-27,Saturday,7,3,2024
1542,2024-07-28,Sunday,7,3,2024
1543,2024-07-29,Monday,7,3,2024
1544,2024-07-30,Tuesday,7,3,2024
1545,2024-07-31,Wednesday,7,3,2024
1546,2024-08-01,Thursday,8,3,2024
1547,2024-08-02,Friday,8,3,2024
1548,2024-08-03,Saturday,8,3,2024
1549,2024-08-04,Sunday,8,3,2024
1550,2024-08-05,Monday,8,3,2024
1551,2024-08-06,Tuesday,8,3,2024
1552,2024-08-07,Wednesday,8,3,2024
1553,2024-08-08,Thursday,8,3,2024
1554,2024-08-09,Friday,8,3,2024
1555,2024-08-10,Saturday,8,3,2024
1556,2024-08-11,Sunday,8,3,2024
1557,2024-08-12,Monday,8,3,2024
1558,2024-08-13,Tuesday,8,3,2024
1559,2024-08-14,Wednesday,8,3,2024
1560,2024-08-15,Thursday,8,3,2024
1561,2024-08-16,Friday,8,3,2024
1562,2024-08-17,Saturday,8,3,2024
1563,2024-08-18,Sunday,8,3,2024
1564,2024-08-19,Monday,8,3,2024
1565,2024-08-20,Tuesday,8,3,2024
1566,2024-08-21,Wednesday,8,3,2024
1567,2024-08-22,Thursday,8,3,2024
1568,2024-08-23,Friday,8,3,2024
1569,2024-08-24,Saturday,8,3,2024
1570,2024-08-25,Sunday,8,3,2024
1571,2024-08-26,Monday,8,3,2024
1572,2024-08-27,Tuesday,8,3,2024
1573,2024-08-28,Wednesday,8,3,2024
1574,2024-08-29,Thursday,8,3,2024
1575,2024-08-30,Friday,8,3,2024
1576,2024-08-31,Saturday,8,3,2024
1577,2024-09-01,Sunday,9,3,2024
1578,2024-09-02,Monday,9,3,2024
1579,2024-09-03,Tuesday,9,3,2024
1580,2024-09-04,Wednesday,9,3,2024
1581,2024-09-05,Thursday,9,3,2024
1582,2024-09-06,Friday,9,3,2024
1583,2024-09-07,Saturday,9,3,2024
1584,2024-09-08,Sunday,9,3,2024
1585,2024-09-09,Monday,9,3,2024
1586,2024-09-10,Tuesday,9,3,2024
1587,2024-09-11,Wednesday,9,3,2024
1588,2024-09-12,Thursday,9,3,2024
1589,2024-09-13,Friday,9,3,2024
1590,2024-09-14,Saturday,9,3,2024
1591,2024-09-15,Sunday,9,3,2024
1592,2024-09-16,Monday,9,3,2024
1593,2024-09-17,Tuesday,9,3,2024
1594,2024-09-18,Wednesday,9,3,2024
1595,2024-09-19,Thursday,9,3,2024
1596,2024-09-20,Friday,9,3,2024
1597,2024-09-21,Saturday,9,3,2024
1598,2024-09-22,Sunday,9,3,2024
1599,2024-09-23,Monday,9,3,2024
1600,2024-09-24,Tuesday,9,3,2024
1601,2024-09-25,Wednesday,9,3,2024
1602,2024-09-26,Thursday,9,3,2024
1603,2024-09-27,Friday,9,3,2024
1604,2024-09-28,Saturday,9,3,2024
1605,2024-09-29,Sunday,9,3,2024
1606,2024-09-30,Monday,9,3,2024
1607,2024-10-01,Tuesday,10,4,2024
1608,2024-10-02,Wednesday,10,4,2024
1609,2024-10-03,Thursday,10,4,2024
1610,2024-10-04,Friday,10,4,2024
1611,2024-10-05,Saturday,10,4,2024
1612,2024-10-06,Sunday,10,4,2024
1613,2024-10-07,Monday,10,4,2024
1614,2024-10-08,Tuesday,10,4,2024
1615,2024-10-09,Wednesday,10,4,2024
1616,2024-10-10,Thursday,10,4,2024
1617,2024-10-11,Friday,10,4,2024
1618,2024-10-12,Saturday,10,4,2024
1619,2024-10-13,Sunday,10,4,2024
1620,2024-10-14,Monday,10,4,2024
1621,2024-10-15,Tuesday,10,4,2024
1622,2024-10-16,Wednesday,10,4,2024
1623,2024-10-17,Thursday,10,4,2024
1624,2024-10-18,Friday,10,4,2024
1625,2024-10-19,Saturday,10,4,2024
1626,2024-10-20,Sunday,10,4,2024
1627,2024-10-21,Monday,10,4,2024
1628,2024-10-22,Tuesday,10,4,2024
1629,2024-10-23,Wednesday,10,4,2024
1630,2024-10-24,Thursday,10,4,2024
1631,2024-10-25,Friday,10,4,2024
1632,2024-10-26,Saturday,10,4,2024
1633,2024-10-27,Sunday,10,4,2024
1634,2024-10-28,Monday,10,4,2024
1635,2024-10-29,Tuesday,10,4,2024
1636,2024-10-30,Wednesday,10,4,2024
1637,2024-10-31,Thursday,10,4,2024
1638,2024-11-01,Friday,11,4,2024
1639,2024-11-02,Saturday,11,4,2024
1640,2024-11-03,Sunday,11,4,2024
1641,2024-11-04,Monday,11,4,2024
1642,2024-11-05,Tuesday,11,4,2024
1643,2024-11-06,Wednesday,11,4,2024
1644,2024-11-07,Thursday,11,4,2024
1645,2024-11-08,Friday,11,4,2024
1646,2024-11-09,Saturday,11,4,2024
1647,2024-11-10,Sunday,11,4,2024
1648,2024-11-11,Monday,11,4,2024
1649,2024-11-12,Tuesday,11,4,2024
1650,2024-11-13,Wednesday,11,4,2024
1651,2024-11-14,Thursday,11,4,2024
1652,2024-11-15,Friday,11,4,2024
1653,2024-11-16,Saturday,11,4,2024
1654,2024-11-17,Sunday,11,4,2024
1655,2024-11-18,Monday,11,4,2024
1656,2024-11-19,Tuesday,11,4,2024
1657,2024-11-20,Wednesday,11,4,2024
1658,2024-11-21,Thursday,11,4,2024
1659,2024-11-22,Friday,11,4,2024
1660,2024-11-23,Saturday,11,4,2024
1661,2024-11-24,Sunday,11,4,2024
1662,2024-11-25,Monday,11,4,2024
1663,2024-11-26,Tuesday,11,4,2024
1664,2024-11-27,Wednesday,11,4,2024
1665,2024-11-28,Thursday,11,4,2024
1666,2024-11-29,Friday,11,4,2024
1667,2024-11-30,Saturday,11,4,2024
1668,2024-12-01,Sunday,12,4,2024
1669,2024-12-02,Monday,12,4,2024
1670,2024-12-03,Tuesday,12,4,2024
1671,2024-12-04,Wednesday,12,4,2024
1672,2024-12-05,Thursday,12,4,2024
1673,2024-12-06,Friday,12,4,2024
1674,2024-12-07,Saturday,12,4,2024
1675,2024-12-08,Sunday,12,4,2024
1676,2024-12-09,Monday,12,4,2024
1677,2024-12-10,Tuesday,12,4,2024
1678,2024-12-11,Wednesday,12,4,2024
1679,2024-12-12,Thursday,12,4,2024
1680,2024-12-13,Friday,12,4,2024
1681,2024-12-14,Saturday,12,4,2024
1682,2024-12-15,Sunday,12,4,2024
1683,2024-12-16,Monday,12,4,2024
1684,2024-12-17,Tuesday,12,4,2024
1685,2024-12-18,Wednesday,12,4,2024
1686,2024-12-19,Thursday,12,4,2024
1687,2024-12-20,Friday,12,4,2024
1688,2024-12-21,Saturday,12,4,2024
1689,2024-12-22,Sunday,12,4,2024
1690,2024-12-23,Monday,12,4,2024
1691,2024-12-24,Tuesday,12,4,2024
1692,2024-12-25,Wednesday,12,4,2024
1693,2024-12-26,Thursday,12,4,2024
1694,2024-12-27,Friday,12,4,2024
1695,2024-12-28,Saturday,12,4,2024
1696,2024-12-29,Sunday,12,4,2024
1697,2024-12-30,Monday,12,4,2024
1698,2024-12-31,Tuesday,12,4,2024
1699,2025-01-01,Wednesday,1,1,2025
1700,2025-01-02,Thursday,1,1,2025
1701,2025-01-03,Friday,1,1,2025
1702,2025-01-04,Saturday,1,1,2025
1703,2025-01-05,Sunday,1,1,2025
1704,2025-01-06,Monday,1,1,2025
1705,2025-01-07,Tuesday,1,1,2025
1706,2025-01-08,Wednesday,1,1,2025
1707,2025-01-09,Thursday,1,1,2025
1708,2025-01-10,Friday,1,1,2025
1709,2025-01-11,Saturday,1,1,2025
1710,2025-01-12,Sunday,1,1,2025
1711,2025-01-13,Monday,1,1,2025
1712,2025-01-14,Tuesday,1,1,2025
1713,2025-01-15,Wednesday,1,1,2025
1714,2025-01-16,Thursday,1,1,2025
1715,2025-01-17,Friday,1,1,2025
1716,2025-01-18,Saturday,1,1,2025
1717,2025-01-19,Sunday,1,1,2025
1718,2025-01-20,Monday,1,1,2025
1719,2025-01-21,Tuesday,1,1,2025
1720,2025-01-22,Wednesday,1,1,2025
1721,2025-01-23,Thursday,1,1,2025
1722,2025-01-24,Friday,1,1,2025
1723,2025-01-25,Saturday,1,1,2025
1724,2025-01-26,Sunday,1,1,2025
1725,2025-01-27,Monday,1,1,2025
1726,2025-01-28,Tuesday,1,1,2025
1727,2025-01-29,Wednesday,1,1,2025
1728,2025-01-30,Thursday,1,1,2025
1729,2025-01-31,Friday,1,1,2025
1730,2025-02-01,Saturday,2,1,2025
1731,2025-02-02,Sunday,2,1,2025
1732,2025-02-03,Monday,2,1,2025
1733,2025-02-04,Tuesday,2,1,2025
1734,2025-02-05,Wednesday,2,1,2025
1735,2025-02-06,Thursday,2,1,2025
1736,2025-02-07,Friday,2,1,2025
1737,2025-02-08,Saturday,2,1,2025
1738,2025-02-09,Sunday,2,1,2025
1739,2025-02-10,Monday,2,1,2025
1740,2025-02-11,Tuesday,2,1,2025
1741,2025-02-12,Wednesday,2,1,2025
1742,2025-02-13,Thursday,2,1,2025
1743,2025-02-14,Friday,2,1,2025
1744,2025-02-15,Saturday,2,1,2025
1745,2025-02-16,Sunday,2,1,2025
1746,2025-02-17,Monday,2,1,2025
1747,2025-02-18,Tuesday,2,1,2025
1748,2025-02-19,Wednesday,2,1,2025
1749,2025-02-20,Thursday,2,1,2025
1750,2025-02-21,Friday,2,1,2025
1751,2025-02-22,Saturday,2,1,2025
1752,2025-02-23,Sunday,2,1,2025
1753,2025-02-24,Monday,2,1,2025
1754,2025-02-25,Tuesday,2,1,2025
1755,2025-02-26,Wednesday,2,1,2025
1756,2025-02-27,Thursday,2,1,2025
1757,2025-02-28,Friday,2,1,2025
1758,2025-03-01,Saturday,3,1,2025
1759,2025-03-02,Sunday,3,1,2025
1760,2025-03-03,Monday,3,1,2025
1761,2025-03-04,Tuesday,3,1,2025
1762,2025-03-05,Wednesday,3,1,2025
1763,2025-03-06,Thursday,3,1,2025
1764,2025-03-07,Friday,3,1,2025
1765,2025-03-08,Saturday,3,1,2025
1766,2025-03-09,Sunday,3,1,2025
1767,2025-03-10,Monday,3,1,2025
1768,2025-03-11,Tuesday,3,1,2025
1769,2025-03-12,Wednesday,3,1,2025
1770,2025-03-13,Thursday,3,1,2025
1771,2025-03-14,Friday,3,1,2025
1772,2025-03-15,Saturday,3,1,2025
1773,2025-03-16,Sunday,3,1,2025
1774,2025-03-17,Monday,3,1,2025
1775,2025-03-18,Tuesday,3,1,2025
1776,2025-03-19,Wednesday,3,1,2025
1777,2025-03-20,Thursday,3,1,2025
1778,2025-03-21,Friday,3,1,2025
1779,2025-03-22,Saturday,3,1,2025
1780,2025-03-23,Sunday,3,1,2025
1781,2025-03-24,Monday,3,1,2025
1782,2025-03-25,Tuesday,3,1,2025
1783,2025-03-26,Wednesday,3,1,2025
1784,2025-03-27,Thursday,3,1,2025
1785,2025-03-28,Friday,3,1,2025
1786,2025-03-29,Saturday,3,1,2025
1787,2025-03-30,Sunday,3,1,2025
1788,2025-03-31,Monday,3,1,2025
1789,2025-04-01,Tuesday,4,2,2025
1790,2025-04-02,Wednesday,4,2,2025
1791,2025-04-03,Thursday,4,2,2025
1792,2025-04-04,Friday,4,2,2025
1793,2025-04-05,Saturday,4,2,2025
1794,2025-04-06,Sunday,4,2,2025
1795,2025-04-07,Monday,4,2,2025
1796,2025-04-08,Tuesday,4,2,2025
1797,2025-04-09,Wednesday,4,2,2025
1798,2025-04-10,Thursday,4,2,2025
1799,2025-04-11,Friday,4,2,2025
1800,2025-04-12,Saturday,4,2,2025
1801,2025-04-13,Sunday,4,2,2025
1802,2025-04-14,Monday,4,2,2025
1803,2025-04-15,Tuesday,4,2,2025
1804,2025-04-16,Wednesday,4,2,2025
1805,2025-04-17,Thursday,4,2,2025
1806,2025-04-18,Friday,4,2,2025
1807,2025-04-19,Saturday,4,2,2025
1808,2025-04-20,Sunday,4,2,2025
1809,2025-04-21,Monday,4,2,2025
1810,2025-04-22,Tuesday,4,2,2025
1811,2025-04-23,Wednesday,4,2,2025
1812,2025-04-24,Thursday,4,2,2025
1813,2025-04-25,Friday,4,2,2025
1814,2025-04-26,Saturday,4,2,2025
1815,2025-04-27,Sunday,4,2,2025
1816,2025-04-28,Monday,4,2,2025
1817,2025-04-29,Tuesday,4,2,2025
1818,2025-04-30,Wednesday,4,2,2025
1819,2025-05-01,Thursday,5,2,2025
1820,2025-05-02,Friday,5,2,2025
1821,2025-05-03,Saturday,5,2,2025
1822,2025-05-04,Sunday,5,2,2025
1823,2025-05-05,Monday,5,2,2025
1824,2025-05-06,Tuesday,5,2,2025
1825,2025-05-07,Wednesday,5,2,2025
1826,2025-05-08,Thursday,5,2,2025
